Name,Address,Email,Phone,Age
Tonya Farmer,"2008 Timothy Landing
Jenniferhaven, MD 20384",jmiranda@example.net,(073)313-2347,19
Amanda Jackson,"5128 Aaron Summit Apt. 608
Dylantown, NE 14383",amberwhite@example.org,461.711.0664x4455,53
Daisy Henderson,"05847 Penny Cove
Lake Dustinside, DC 76540",ghanson@example.com,359-233-9316x667,28
Stephen Glass,"2920 Jenna Greens Apt. 732
Hollowaychester, KY 11247",ilawson@example.net,001-190-021-4914,18
Scott Gomez,"18538 Cox Corners Suite 632
Rodriguezberg, MD 04967",alejandrogonzalez@example.net,001-365-372-6594,53
Kimberly Johnson,"USNV Graham
FPO AE 01062",acollins@example.net,001-214-464-1851x25309,34
Jason Smith,"241 Marc Fords
East Melissaport, OH 96582",elizabeth15@example.net,+1-622-744-4776,54
Mary Gibson,"PSC 1551, Box 6992
APO AP 80393",terrysullivan@example.org,+1-754-547-6683x6410,37
Ashley Brown,"672 Mclean Pine
New Michaelburgh, WV 67315",andersonjoseph@example.net,(938)126-3974x0143,45
Kimberly Roberson,"183 Roy Club
Murrayton, MS 74308",johnanderson@example.com,001-691-229-0351x2636,58
Carlos Roberts,"230 Richardson Estates Apt. 533
New Elizabethport, WA 86838",manningryan@example.org,(128)364-3531x93310,59
Benjamin Day,"084 Caroline Ways Apt. 173
South Matthew, ND 99138",jaredbishop@example.org,+1-557-323-2781x25644,37
Vanessa Davis,"0127 Jones Groves Apt. 196
New Robertmouth, MO 55896",marymcbride@example.com,(480)309-6781x579,25
Jordan Roberts,"38054 Johnathan Heights
Richardhaven, FM 20953",kristinastevens@example.net,(451)090-9667,45
Diane Bradley,"Unit 0589 Box 8466
DPO AP 73960",shanerobinson@example.org,303.352.1558x2005,43
Steven Roman,"2269 Williams Fork
Blackton, ND 95476",bradleyalexandra@example.org,(487)971-4453,38
Duane Thompson,"5076 Hayes Inlet
Makaylabury, WY 42381",mosselizabeth@example.org,279-678-3759,41
Mark Hernandez,"594 Adams Village
West Melissa, DE 49166",rjenkins@example.org,001-680-320-1024x7698,59
Curtis Christian,"07293 Scott Manors Suite 623
Simsshire, AS 20247",copelandcarrie@example.com,490-276-3620x7185,37
Monica Dawson,"50963 Steven Cape
Port Sabrina, PA 47783",elee@example.com,(468)135-1616x4272,29
Matthew Castro,"1731 Gray Street Suite 107
West Makaylabury, DC 09174",zsmith@example.net,001-351-312-4672,44
Corey Reyes,"76016 Richardson Falls Apt. 241
Lake Davidberg, PA 84789",gloverkristy@example.net,408-280-2284x87004,60
Austin Watts,"4394 Moss Turnpike
Port David, UT 64752",angel24@example.com,207.806.8834x105,62
Brian Adams,"1189 Wright Ranch Apt. 597
New Don, HI 71799",courtney33@example.org,+1-748-276-0372x3201,48
Kyle Tucker,"2186 John View Apt. 244
Port Jesseton, DE 53937",bonnie04@example.org,234.197.7933x4986,26
Austin Mueller,"Unit 9721 Box 1758
DPO AE 12817",matthew01@example.net,+1-961-195-8927x6228,38
Amber King,"17012 Robinson Cape
South Reneestad, CO 15956",poolejoseph@example.net,873-665-4885,65
Thomas Woods,"09807 Bailey Plaza Suite 788
Castroton, IN 88871",joseph15@example.com,(807)868-2165x0652,24
Nichole Turner,"PSC 4067, Box 5384
APO AE 87990",gthomas@example.com,071.693.4892x5221,48
Jon Smith,"673 Grant Meadows Apt. 028
Anthonyview, KY 22466",perkinsstephen@example.com,9810829029,18
Kelli Sullivan,"6670 Delacruz Isle Apt. 117
Lake Sallytown, NH 05320",veronica93@example.org,284.345.3312x540,19
Justin Davila,"43959 Hampton Path Suite 480
Reginafort, MD 33374",jacksonbrandon@example.com,102.093.3115x648,64
Dr. Reginald May,"6933 Lee Loaf Suite 141
West Josephview, AL 39443",robertmcdonald@example.com,(294)870-1136,51
Scott Foster,"58953 Sanchez Meadow
Port Joan, MD 48409",carl87@example.net,089-280-1198x92480,24
Jonathan Williams,"64681 Thomas Junction Suite 575
Jessicachester, FM 53438",haroldperkins@example.net,622.492.3654,37
Ms. Colleen Barnett,"503 Melvin Mountain
West Christopherton, KS 81688",danielisabel@example.org,193.029.3446,60
Glenn Jones,"415 Tina Ports Suite 215
Lake Rogermouth, IL 37535",fbrown@example.com,361.737.6948,54
William Thomas,"0182 Black Freeway Suite 820
Evansside, NC 70818",kimberlyshields@example.com,981-155-8646x06432,48
Nicole Murphy,"71355 Cohen Streets
New Matthew, NC 97729",alexanderevans@example.com,491.831.6953x25945,63
Judith Farley,"40455 Hernandez Dam
Port Lindafort, MT 15311",landryzachary@example.org,0469074368,25
Meghan Smith,"5976 Patricia Radial Apt. 672
Matthewmouth, MD 29740",shawnrobinson@example.net,001-822-201-4692x1401,18
Amanda Thompson,"9082 Kenneth Spring Apt. 245
Austinland, NH 96945",daniel06@example.net,(192)150-2333x77069,33
Lisa Santos,"PSC 5432, Box 2982
APO AE 15194",matthew38@example.net,858.931.9372x69324,55
William Rhodes,"0195 Wells Unions
Karenmouth, MH 58380",cmorris@example.net,544.943.9332x83515,47
Randy Moore,"456 Lee Valley
Timothyburgh, MS 63844",mlopez@example.net,+1-168-512-3881x19117,56
Tiffany Clay,"71817 Walton Loop Suite 345
Jessicahaven, HI 80517",dana70@example.net,603-599-9283,19
Diane Macias,"499 Richard Harbors Suite 520
Richardville, FM 64066",tsmith@example.com,300-763-5530x30365,41
Lisa Hancock,"PSC 9937, Box 8184
APO AP 36360",janetayala@example.net,(651)847-6117,35
Michael Brown,"15709 Nolan Spur Apt. 196
Hansonborough, AL 40171",jenniferwells@example.com,+1-934-829-5068x8245,65
Bruce Horton,"6614 Larry Forge
Sparksmouth, ID 11359",benjamin04@example.net,+1-008-801-7089,41
Gregory Miller,"125 Rhodes Knolls Suite 500
Lake Tracybury, NH 98168",knightanthony@example.net,001-976-302-3493x377,36
Crystal Hudson,"7067 Thomas Road
North Cynthia, NH 51958",rachel35@example.net,(212)246-0940x1902,26
George Cunningham,"Unit 2373 Box 7465
DPO AE 61592",stephaniegonzales@example.org,881-080-3163,22
Tyler Clark,"05895 Lane Groves
West Joan, GA 94565",tiffanyponce@example.net,518.855.6113x455,30
Randy Schneider,"2007 Makayla Freeway Apt. 005
Harveystad, KS 83101",tallen@example.org,491.484.9132,43
Jamie Walker,"56033 Munoz Tunnel Apt. 242
Anthonyport, ND 84753",ucrane@example.org,(299)646-2164x3548,33
Kristina Walls,"7800 Richardson Springs
Lake Caleb, ME 56191",michellerobertson@example.net,+1-058-102-6569x380,49
Debbie Mendoza,"394 Nancy Squares Apt. 893
Port Anthony, MH 60320",clee@example.net,+1-555-682-4409x27343,43
Philip Hoover,"227 Smith Course
Lake Jeremiah, NE 80770",amber94@example.net,291-402-3707x2660,62
Joseph Vaughn,"667 Jamie Hills Suite 757
Lake Ryanhaven, IN 65130",kberger@example.com,252.912.7078x91862,37
Denise Roberts,"0525 Rogers Hollow Suite 879
North Ashleyside, TN 44381",jesus61@example.net,852-040-6533x4159,34
James Koch,"8103 Brandon Circles Apt. 778
Parkershire, AR 18736",rebeccareynolds@example.org,(844)695-5644x971,35
Lisa Wood,"Unit 7989 Box 1796
DPO AP 16128",maryfranco@example.com,001-842-097-9077x9048,61
Jasmine Ferguson,"20483 Larson Prairie Apt. 524
Port Ana, TX 99628",kleinreginald@example.com,220-586-9447x56311,39
William Aguilar,"7623 Faulkner Villages Suite 071
North Larryville, GA 78632",wallacebrian@example.org,503-793-5919x0408,62
Monica Morales,"Unit 5084 Box 7900
DPO AA 13482",akane@example.org,+1-279-487-8145x743,31
Sydney King,"9987 Ortega Extensions
East Matthew, NH 97391",michellewright@example.net,(955)786-0260x820,27
Kathy Moran,"705 Andrea Crest Apt. 860
South Colleenview, ID 55733",aaronking@example.net,868.209.3325x662,63
Nicholas Maxwell,"0008 Scott Pike Suite 919
Jacobhaven, AS 79128",michellejackson@example.org,+1-923-877-6394x1905,63
Susan Holt,"4639 Fisher Villages Suite 852
South Cory, DE 70325",kevinlawson@example.org,256-425-2138x4522,19
Richard Weber,"USNS Copeland
FPO AA 63895",cynthia92@example.net,2456188287,57
Seth Rodriguez,"30679 Hunt Inlet Suite 316
New Sabrinamouth, CA 43440",clee@example.com,001-142-194-3194x102,46
Nicole Duncan,"568 Bethany Falls
New Carolynton, PA 97027",crichard@example.org,451.241.1235,20
Emily Blevins,"102 Michelle Greens Apt. 874
Beckborough, HI 80702",hbates@example.net,686.430.8641,44
Roger King,"780 Matthew Forges
Johnmouth, NC 54857",xryan@example.com,+1-793-108-8580x8975,55
John Garcia,"60858 Clark Light Suite 672
Robertfort, VA 02869",benjaminbrown@example.org,554-849-5821x725,28
Joseph Estrada,"0570 Lawrence Causeway
Keithton, PA 74657",gina24@example.org,110.198.2957x2973,20
Timothy Dudley,"652 Bell Club Suite 923
Marktown, NM 91853",hcruz@example.net,(928)687-3376x091,46
Brent Garza,"6442 Kimberly Key Suite 318
Lake Sandra, GU 14204",leejohn@example.org,+1-246-324-6653x8882,42
Justin Buckley,"42160 Gordon Lane Suite 015
North Robertland, MA 85026",edwin78@example.com,780.693.9235,47
Natalie Jordan,"485 Chapman Ridge Suite 128
West Pamelabury, DE 41229",faith01@example.org,179.098.1836x6639,21
Ronnie Jenkins,"6622 Rachel Ways
Victortown, MN 17303",catherinerusso@example.net,862.394.7002x30329,31
Cheryl Winters,"318 Lynch Ports Suite 351
West Kathryn, ME 08264",millerdenise@example.com,001-858-396-6488x461,34
Dr. Timothy Howell,"186 Kristen Streets Apt. 591
Susantown, IL 83206",kdouglas@example.org,483-514-6082x0181,29
Amy Smith,"438 Larson Common Apt. 083
North Sierraton, NY 39452",melissa65@example.org,(998)143-4525x6146,34
Allen Price,"508 Gill Center Suite 915
Orozcomouth, CT 75403",stephengoodman@example.com,949.577.1731x362,51
Stephen Norton,"2207 Ryan Coves
Hayesside, SD 77884",stevenspencer@example.net,(591)749-6756x235,54
William Schmidt,"6347 Christopher Flat
Lake Jasonland, RI 09091",qmiller@example.com,638.343.6208x278,58
Andrew Petersen,"0269 Lane Glens
South Lauraburgh, AR 88501",lcisneros@example.org,080.423.2490,43
Linda Miller,"4521 Davila Lane Apt. 822
New Christopherport, MP 65294",jameshawkins@example.org,+1-322-017-0058x3921,31
Jamie Webb,"97105 Caldwell Mount Suite 820
New Thomas, AS 94820",martinezelizabeth@example.net,144.402.7153x99358,39
Matthew Kelly,"99145 Joseph Fords
Garymouth, MN 32950",alvaradolori@example.com,600-580-9618x264,26
Julie Long,"5181 Michelle Mill Apt. 369
Brownfurt, NH 03322",garciadiana@example.org,014-235-7120,63
Brandon Warren,"9532 Powell Mountain
West Douglas, TN 29505",tuckeremily@example.com,363.081.4507x5634,51
Trevor Harmon,"674 Juarez Ferry Apt. 294
Isaiahchester, IN 77433",vicki23@example.net,(245)487-8914x193,51
Nicholas Bailey,"2091 Turner Canyon
Harrisfurt, KY 16433",vfuentes@example.net,(890)978-4034x434,37
David Dominguez,"9973 Hill Extension Apt. 438
Jasonton, CT 53362",aluna@example.net,001-486-507-0181,39
Michael Stephenson,"5726 Vasquez View Apt. 297
Harrisontown, AR 03633",lopezbarbara@example.com,247-035-2608,62
Sharon Rodriguez,"154 Dan Parks
East Rebeccaborough, MS 76620",tammy25@example.net,001-321-824-8811x48024,63
Lauren Willis,"965 Gabriel Roads
New Vanessa, DC 10840",michaelgreene@example.org,804-283-5033x033,18
